id,username,review_time,book_id,title
1324,kwet6ylbrrk@deleted,2011-07-03,490,"The Moral Animal: Why We Are, the Way We Are: The New Science of Evolutio"
1860,kwet6ylbrrk@deleted,2011-07-03,724,"The Moral Animal: Why We Are, the Way We Are: The New Science of Ev - ACCEPTABLE"
2382,renae_clair,2020-01-29,948,Salamandastron: A Novel of Redwall - Mass Market
2755,cambt3,2019-04-25,1130,National Geographic Readers: Koalas
3257,jacobs68,2023-06-16,1343,Pokmon Crochet Kit: Kit includes everything you need to make Pikachu and instruc
4529,maryann774,2012-01-09,2098,The Hat
7114,jacobs68,2022-04-03,380694,Dog Heaven
9070,jacobs68,2021-07-26,138195,Animal Farm
11802,kwet6ylbrrk@deleted,2023-11-29,94293,"Rumor Has It; An Animal Magnetism Novel - Jill Shalvis, 9780425255827"
11937,renae_clair,2019-05-15,37882,Survivors #1: The Empty City
12075,jacobs68,2007-04-29,284467,Just a Mess (Little Critter) (Look-Look)
13032,jacobs68,2022-09-08,332393,Thunder on the Plains The Story of the American Buffalo
17323,cambt3,2023-06-18,386779,"Scaredy-Cat, Splat! (Splat the Cat)"
18645,kwet6ylbrrk@deleted,2019-06-26,145412,Animal Farm by George Orwell
18844,renae_clair,2023-05-08,73214,Never Touch a Shark
19992,cambt3,2021-05-19,16897,Spring Stinks (Mother Bruce Series)
20283,maryann774,2020-05-06,182705,Hoot
20693,jacobs68,2019-02-15,403141,God Gave Us Easter
20955,cambt3,2014-07-03,315493,The Berenstain Bears Around the World (I Can Read Level 1)
21082,kwet6ylbrrk@deleted,2022-07-10,152269,National Geographic Kids Chapters: Kangaroo to the Rescue!: And More True
21125,kwet6ylbrrk@deleted,2018-06-02,307991,Olivia's Opposites
21400,maryann774,2006-12-11,323510,"NEW LISTINGThe Kingfisher Animal Encyclopedia; Kingfis- David Burnie, 0753465809"
22303,jacobs68,2017-10-15,289610,The Cat Who Knew Shakespeare - Mass Market
23293,kwet6ylbrrk@deleted,2020-09-14,114188,Knight Owl
23491,kwet6ylbrrk@deleted,2023-06-05,250088,The Raft
23796,kwet6ylbrrk@deleted,2014-05-07,349086,Do Cows Meow? (A Lift-the-Flap Book)
27372,kwet6ylbrrk@deleted,2010-05-26,47570,"NEW LISTINGThe Crow: The Third Book of Pellinor by Croggon, Alison"
27523,jacobs68,2021-02-14,385641,"The Mitten, 20th Anniversary Edition"
27556,renae_clair,2023-11-04,50391,All Better!
28494,jacobs68,2019-11-14,370129,Pet Bugs: A Kid's Guide to Catching and Keeping Touchable Insects
28939,renae_clair,2021-03-31,21559,Animal-Speak: The Spiritual & Magical Powers of Creatures Great & Small
29397,maryann774,2011-10-11,371753,Baby Shark! (Little Golden Book)
30040,kwet6ylbrrk@deleted,2020-09-23,314537,The Great Rescue (Cabbage Patch Kids)
31031,maryann774,2021-07-10,155370,"Skippyjon Jones, Class Action"
31149,maryann774,2023-09-03,338252,"Easy Coloring Books for Senior: Flowers and Animals Coloring Book Easy, Fun"
31620,renae_clair,2023-10-15,84675,Throw the Damn Ball: Classic Poetry by Dogs
33208,kwet6ylbrrk@deleted,2009-04-27,96934,Gallop - 9780761147633
36476,cambt3,2016-09-13,340232,Charmed Book Of Shadows With ORIGINAL PAGES In English - BIG Size Halloween
36674,kwet6ylbrrk@deleted,2022-11-09,396988,TODDLER BOARD BOOKS **BABIES LOVE**FINGER PUPPET**LIFT A FLAP** YOU CHOOSE!
36824,cambt3,2022-02-12,213671,Lilian Jackson Braun THE CAT WHO Book Series Lot - Choose - Build a Collection
38241,jacobs68,2023-05-27,46741,"Little Blue Truck's Halloween: A Halloween Book for Kids by Schertle, Alice"
39574,cambt3,2017-06-08,288132,Corduroy's Christmas - School & Library Binding
41417,kwet6ylbrrk@deleted,2007-07-15,390331,Puppy Dog Pals Puppy Dog Pals Mission: Fun: A Lift-the-Flap Book
41939,kwet6ylbrrk@deleted,2019-03-13,119170,Creepy Creatures: A Graphic Novel (Goosebumps Graphix #1): Volume 1
42556,cambt3,2015-11-28,376877,Pete the Cat: Trick or Pete
43154,kwet6ylbrrk@deleted,2023-07-17,388483,Disaster on the Titanic (Ranger in Time #9)
43595,kwet6ylbrrk@deleted,2017-05-22,60828,Sharks (Usborne Lift-the-Flap Learners)
45673,jacobs68,2023-12-02,311870,We're Going on a Bear Hunt
46258,renae_clair,2020-12-14,131154,Animal Babies (Nature Club)
47505,kwet6ylbrrk@deleted,2013-05-11,74704,Angelina at the Palace (Angelina Ballerina)
47827,jacobs68,2021-08-28,299257,Alligator Baby
48692,kwet6ylbrrk@deleted,2017-10-09,279672,The Call of the Wild and White Fang (Sterling Unabridged Classics)
50168,cambt3,2022-05-22,281957,Pete the Cat and the Supercool Science Fair
50479,kwet6ylbrrk@deleted,2021-04-13,126713,The Thingamabob
50567,jacobs68,2021-07-06,317048,Turtles & Snails (First Discovery) - Spiral-bound
51159,jacobs68,2002-06-28,50963,Tree in the Trail
52070,maryann774,2016-10-01,335127,Zootopia Junior Novelization (Disney Zootopia)
52318,kwet6ylbrrk@deleted,2016-05-18,161880,Doodled Cats: Dozens of clever doodling exercises ideas for cat pe
53465,jacobs68,2023-12-08,296797,"Hoot - Carl Hiaasen, 0375821813"
54553,renae_clair,2006-04-13,23276,How Animals Care for Their Babies (Books for Young Explorers)
55537,jacobs68,2022-05-25,21980,"Leroy Ninker Saddles Up: Tales from Deckawoo Drive, Volume One"
55910,maryann774,2013-04-01,800,"Chicken Soup for the Soul: The Magic of Cats: 101 Tales of Family, Friend"
56029,cambt3,2008-04-30,363620,Magic Tree House Books 1-28 Choose Brand New Latest Edition Flat $4.75 Shipping
56242,kwet6ylbrrk@deleted,2023-11-02,191897,Who Would Win Rhino vs. Hippo
57971,kwet6ylbrrk@deleted,2017-06-04,74427,The Bad Guys in the Furball Strikes Back; t
58280,kwet6ylbrrk@deleted,2022-01-05,250777,Horton Hears a Who!
58895,jacobs68,2016-05-02,139050,The Berenstain Bears Meet Santa Bear (Deluxe Edition) (First Time Books(R)) by B
60752,jacobs68,2023-10-25,243802,My First Counting Book
62404,renae_clair,2014-07-26,86223,"Warriors #1: Into the Wild [Warriors: The Prophecies Begin, 1] , Hunter, Erin"
63442,jacobs68,2021-06-20,307375,"One Fish, Two Fish, Three, Four, Five Fish (Dr. Seuss Nursery Collection)"
63874,maryann774,2016-06-10,381166,Biscuit and the Little Llamas (My First I Can Read)
65167,kwet6ylbrrk@deleted,2023-12-15,151199,Just So Stories (Puffin Classics)
67912,kwet6ylbrrk@deleted,2023-02-03,97299,Splat the Cat
69506,renae_clair,2017-09-19,4104,I Am Going! (An Elephant and Piggie Book)
69721,maryann774,2022-06-21,333400,"Wild Cats!; Wild Kratts; Step into Reading - 1101939141, Chris Kratt"
70465,kwet6ylbrrk@deleted,2023-05-03,58022,Llama Llama Red Pajama
70540,cambt3,2022-01-07,314776,My Life as a Book (The My Life series)
70783,renae_clair,2021-05-20,54258,"NEW LISTINGBlue Animals by Leaf, Christina"
71782,cambt3,2012-05-29,207504,The Berenstain Bears and the Big Blooper
74123,maryann774,2019-09-01,280506,"Hello, Farm!: Lift-a-sound (Lift-A-Sound Board Book)"
74415,cambt3,2023-02-02,224997,Tickle Time!: A Boynton on Board Board Book
74843,jacobs68,2020-06-13,250349,What If You Had Animal Feet?
75285,maryann774,2018-05-27,370966,"Happy Halloween, Biscuit!"
75399,cambt3,2021-07-12,142574,Home Is Where the Heart Is (1) (Good Dog)
76887,jacobs68,2021-06-03,271093,Piggie Pie!
77166,maryann774,2004-12-06,369185,The Berenstain Bears and the Trouble at School
80061,maryann774,2009-02-10,7269,How Rocket Learned to Read
82730,jacobs68,2019-05-28,264171,Scaredy Squirrel Has a Birthday Party
83566,jacobs68,2016-07-05,233972,"Seashells, Crabs and Sea Stars: Take-Along Guide [Take Along Guides]"
84094,renae_clair,2016-07-18,213198,"Rainforest Escape: My Island Animal, Exotic Flower and Tropical Plant Color Book"
84558,kwet6ylbrrk@deleted,2023-12-27,373154,"Inside of a Dog: What Dogs See, Smell, and Know"
85004,renae_clair,2019-08-07,150321,"Llama Llama Gives Thanks by Dewdney, Anna"
85808,kwet6ylbrrk@deleted,2023-12-11,132060,Teeth Tails and Tentacles: An Animal Counting Book
86414,jacobs68,2022-07-23,152716,A Peterson Field Guide to Wildflowers: Northeastern and North-Central North
86546,renae_clair,2023-09-12,5219,"I Love You, Grandma"
87997,cambt3,2023-11-26,43787,"NEW LISTINGMigloo's Weekend by Bee, William"
89303,cambt3,2008-09-19,154296,Paw Patrol Phonics Childrens Step Reading Books Beginning Readers Lot 12
89458,jacobs68,2021-07-22,268419,Nickelodeon Paw Patrol - Search with Skye - Little First Look and Find
89960,jacobs68,2023-08-18,382092,Urchin and the Heartstone (The Mistmantle Chronicles)
90085,renae_clair,2009-11-24,244408,Snowflake (Breyer Stablemates)
91627,renae_clair,2012-11-30,322373,Amazing Animal Groups Books for Young Explorers
91731,kwet6ylbrrk@deleted,2021-08-22,371341,"Merry Christmas, Peppa! (Peppa Pig 8x8)"
92894,renae_clair,2018-12-22,269916,Silly Lullaby (Boynton on Board (Sandra Boynton Board Books))
93928,renae_clair,2020-12-20,234560,Wild Winter Creatures! (Wild Kratts) (Step into Reading)
94087,jacobs68,2013-05-22,222544,"I Love You, Stinky Face"
94211,cambt3,2022-05-11,359920,The New Yorker Book of All-New Cat Cartoons (New Yorker Series)
94603,maryann774,2022-12-21,696,"Hello, Baby Animals: A Durable High-Contrast Black-And-White Board Book for"
94932,cambt3,2008-09-10,33008,Social Animal
96863,cambt3,2017-07-27,100730,Grandma Wishes: Children's Board Book (Love You Always)
97106,maryann774,2012-02-07,167623,"Panda Bear, Panda Bear, What Do You See? Board Book"
98781,jacobs68,2023-07-15,13473,Bear Snores On (The Bear Books)
99106,kwet6ylbrrk@deleted,2023-12-03,117480,"Rabbits, Squirrels and Chipmunks: Take-Along Guide (Take Along Guides)"
99546,cambt3,2023-04-01,180290,The Foolish Tortoise (The World of Eric Carle)
100260,kwet6ylbrrk@deleted,2011-04-06,337371,"Building Small Barns, Sheds & Shelters"
100269,renae_clair,2021-02-01,90022,NEW LISTINGThe Velveteen Rabbit : The Classic Children's Book by Margery Williams (1958)
100374,kwet6ylbrrk@deleted,2021-05-18,16991,Drawing: Animals in Colored Pencil: Learn to draw with colored pencil step by st
100803,renae_clair,2014-09-28,330951,Lot of 10 Finger Puppet Board Books Lot Random
101520,maryann774,2020-05-03,340825,Night of the Zombie Zookeeper (Desmond Cole Ghost Patrol)
104081,kwet6ylbrrk@deleted,2018-05-26,208419,Warriors #1: Into the Wild (Warriors: The Prophecies Begin)
104168,jacobs68,2008-06-13,300471,That's Not My Puppy: Its Coat Is Too Hairy(Usborne Touchy-Feely Books)
104194,cambt3,2019-10-22,198332,The Story of Babar: The Little Elephant
106102,jacobs68,2010-12-30,259502,Mister Seahorse
106227,cambt3,2008-07-23,263537,"Skippyjon Jones, Class Action"
107349,jacobs68,2016-09-07,392377,Owl Babies
107472,kwet6ylbrrk@deleted,2004-12-05,97099,Horse Diaries #1: Elska - 9780375847325
108480,jacobs68,2013-09-17,92960,Happy Pig Day! (An Elephant and Piggie Book)
109888,jacobs68,2015-12-16,271791,The Berenstain Bears and the Missing Honey
110186,renae_clair,2021-04-30,266448,Quack! Quack!: These Baby Animals Can't Want to Meet You (Baby Touch an)
111407,jacobs68,2021-05-02,209791,The Berenstain Bears Get the Gimmies
111827,cambt3,2023-12-24,162166,"Slide and Find - Animals - 9780312499082, board book, Roger Priddy"
112065,maryann774,2022-05-14,136047,The Berenstain Bears Pirate Adventure
112424,maryann774,2009-02-16,360034,Animal World. 9781407550879
113240,kwet6ylbrrk@deleted,2015-12-09,385193,How to Tell If Your Cat Is Plotting to Kill You (The Oatmeal)
113851,kwet6ylbrrk@deleted,2022-11-21,166741,"Click, Clack, Ho! Ho! Ho! (A Click, Clack Book)"
114265,renae_clair,2022-12-12,148956,Bear Snores On (The Bear Books)
114499,kwet6ylbrrk@deleted,2022-04-23,272714,Gregor the Overlander
115213,kwet6ylbrrk@deleted,2023-10-12,41395,Good as Gold - Disneys Out and About With Pooh Volume 1
115416,jacobs68,2023-10-23,384512,"THE SUPER SIDE-QUEST TEST!: A BR , Flintham, Thomas"
117337,kwet6ylbrrk@deleted,2021-11-24,191569,NEW / VINTAGE 1990 TMNT Pop-Up Storybook /
118018,cambt3,2023-04-05,139670,Born Free: A Lioness of Two Worlds
118272,renae_clair,2011-02-11,332850,"Click, Clack, Ho! Ho! Ho! (A Click, Clack Book)"
118739,cambt3,2019-03-28,272292,The Wildwood Bakery: A Branches Book (Owl Diaries #7)
119526,kwet6ylbrrk@deleted,2020-06-14,361685,Shelby's Story: A Puppy Tale
120142,jacobs68,2017-09-09,314037,Monarch Butterfly
120384,kwet6ylbrrk@deleted,2023-07-13,100674,Pete the Cat and the Bedtime Blues
120438,renae_clair,2011-07-07,205959,Making Rounds with Oscar: The Extraordinary Gift of an Ordinary Cat
120529,cambt3,2017-08-11,336433,"Skippyjon Jones, Lost in Spice"
120564,kwet6ylbrrk@deleted,2021-09-23,220362,My Big Animal Book (My Big Board Books)
120643,kwet6ylbrrk@deleted,2022-01-28,4617,The Art of Racing in the Rain: A Novel
121425,kwet6ylbrrk@deleted,2014-11-22,348246,"Lot of 5 If You Give a Mouse A Cookie Series Books by Laura Numeroff ""RANDOM"""
122215,maryann774,2010-11-16,329687,Dont Let the Pigeon Drive the Bus
122875,cambt3,2016-11-25,218724,"Adult Coloring Books: Animal Mandala Designs and Stress Relie... by Summer, Jade"
123237,kwet6ylbrrk@deleted,2018-08-16,158886,The Story of Ferdinand
124518,jacobs68,2016-06-08,213249,You Loves Ewe! (A Yam and Donkey Book)
124856,cambt3,2012-05-01,242288,Animal World. 9781407550879
125543,jacobs68,2010-08-08,181244,"Adult Coloring Books: Animal Mandala Designs and Stress Relie... by Summer, Jade"
126042,jacobs68,2016-07-11,390028,National Geographic Readers: Koalas
128741,kwet6ylbrrk@deleted,2020-10-21,284525,Animal Friends (Little Golden Book)
129896,maryann774,2012-10-23,157262,Have Mercy!: Confessions of the Original Rock 'N' Roll Animal
130002,maryann774,2023-09-10,289612,Eyelike Stickers: Kittens
132161,kwet6ylbrrk@deleted,2021-12-24,204378,The New Friend (Hey Jack!)
132196,cambt3,2016-11-27,241101,"Leroy Ninker Saddles Up: Tales from Deckawoo Drive, Volume One"
132279,kwet6ylbrrk@deleted,2012-07-15,344867,Kappa FLOWERS To Color DESIGNER SERIES Adult Coloring Book
134819,jacobs68,2009-09-19,33925,"What the Animals Tell Me: Developin- 9780786862597, Sonya Fitzpatrick"
135007,renae_clair,2015-10-19,6837,"The Eighty-Dollar Champion: Snowman, The Horse That Inspired a Nation"
136672,maryann774,2013-08-21,315341,Because I Had a Teacher
139754,renae_clair,2023-06-02,47736,The Pout-Pout Fish
140808,jacobs68,2011-11-18,67647,Hokey Pokey Elmo (Sesame Street) (Big Bird's Favorites Board Books)
141525,maryann774,2023-12-09,213519,"Sandra Polley's Knitted Toys: Animals, Dolls and Teddies for All Ages"
141757,kwet6ylbrrk@deleted,2021-04-01,189345,The Cat Who Had 60 Whiskers
142620,renae_clair,2020-12-31,112125,Thanksgiving Cats (Read with Me Cartwheel Books (Scholastic)
142950,renae_clair,2006-09-04,325306,The Bad Guys in Superbad (The Bad Guys #8)
143439,maryann774,2016-01-01,158054,The Life and Times of the Honeybee
143956,cambt3,2021-12-13,139533,The Self-Sufficient Backyard
145826,cambt3,2022-07-20,154010,Shark in the Park (Usborne Phonics Readers)
145841,jacobs68,2022-04-26,92877,Love That Dog
145964,maryann774,2023-10-23,277768,Arthur's First Sleepover: An Arthur Adventure
146127,kwet6ylbrrk@deleted,2023-07-24,236393,"NEW LISTINGRobbut, a Tale of Tails by Lawson, Robert"
146132,jacobs68,2020-05-09,89201,Pop-up Peekaboo: Woof! Woof!
147219,maryann774,2020-08-13,183554,The Trumpet of the Swan
148500,kwet6ylbrrk@deleted,2021-02-03,169576,"NEW LISTINGThe Animal Kids by Cauley, Lorinda Bryan"
149092,jacobs68,2022-06-24,292794,The Berenstain Bears and the Homework Hassle
149612,maryann774,2017-06-21,33001,Animal Dreams
149775,maryann774,2008-10-06,173066,"Llama Llama Jingle Bells - board book, 0451469801, Anna Dewdney, new"
149908,renae_clair,2013-02-12,369045,"Little Blue Truck's Springtime: An Easter And - Schertle, 0544938097, board book"
150343,cambt3,2021-02-23,281380,"Animal Tracks of Northern California by Sheldon, Ian"
150629,jacobs68,2007-10-10,222666,The Berenstain Bears and the Big Blooper
150749,jacobs68,2023-10-24,61570,Thereby Hangs a Tail: A Chet and Bernie Mystery (The Chet and Bernie Myst)
151269,maryann774,2022-04-05,79202,Everyone Poops (My Body Science)
151700,kwet6ylbrrk@deleted,2021-07-07,1613,Dream Snow
152510,cambt3,2023-06-04,375488,"I Need a Hug / Necesito Un Abrazo (Bilingual) by Blabey, Aaron"
153542,renae_clair,2015-12-01,150883,The Berenstain Bears Blaze a Trail
153777,jacobs68,2019-08-13,357186,Lights Out
153869,kwet6ylbrrk@deleted,2023-08-31,173582,The Bad Guys in The Furball Strikes Back (The Bad Guys #3)
154312,renae_clair,2019-11-04,374701,Captain Cat by Inga Moore
154633,maryann774,2001-05-19,195874,Teenage Mutant Ninja Turtles (Nickelodeon) Look and FindÂ® (Nickelodeon L
155068,kwet6ylbrrk@deleted,2021-11-23,10945,Religion Judaism Christianity Books & Bibles Choose from good titles List #2 L-Z
156041,maryann774,2023-10-18,97294,The Cat Who Dropped a Bombshell
156356,kwet6ylbrrk@deleted,2021-02-18,300117,"The King of Sting by Peterson, Coyote"
156703,cambt3,2008-05-23,337311,JUNIE B. JONES - Build-A-Lot by Barbara Parks
156800,maryann774,2017-11-24,192706,Random Lot of 10 Level 1 Step Into Reading | I Can Read | Learn To Read FOR BOYS
157210,cambt3,2019-10-07,28305,The Animals Bedtime Storybook
157784,kwet6ylbrrk@deleted,2023-03-13,387196,Purrmaids #4: Search for the Mermicorn
158120,maryann774,2016-08-13,162051,How to Draw 101 Animals
158523,jacobs68,2023-04-27,34899,The Three Bears
158524,renae_clair,2019-03-02,219388,Tog the Dog
161268,renae_clair,2019-12-04,290027,White Fur Flying
161451,kwet6ylbrrk@deleted,2012-04-14,229324,Animal Farm and Related Readings
163416,cambt3,2023-06-27,144495,Stallion in the Storm (Animal Ark Hauntings #1)
163579,maryann774,2020-04-28,265662,From Head to Toe Board Book
165690,kwet6ylbrrk@deleted,2008-06-22,189697,Peterson Field Guide Coloring Books: Birds: A Coloring Book [With Sticker(s)]
166173,renae_clair,2021-02-18,51142,Pearl's Ocean Magic (Dolphin School #1)
166860,maryann774,2021-04-26,385585,SHEEP IN A JEEP
167820,jacobs68,2012-06-03,312462,Fancy Nancy and the Posh Puppy
168540,renae_clair,2016-01-13,104667,"Inside of a Dog: What Dogs See, Smell, and Know"
168853,renae_clair,2016-02-08,132827,3 BEAUTIFUL STRESS RELIEF ADULT COLORING BOOKS U CHOOSE 1 OR ALL B-034
171023,jacobs68,2007-08-11,184460,Scaredy-Pug: A Branches Book (Diary of a Pug #5) (5)
171731,kwet6ylbrrk@deleted,2014-07-10,299058,Dora and the Unicorn King (Ready-To-Read Dora the Explorer - Level 1)
172345,cambt3,2023-11-27,306766,SAFARI: A PHOTICULAR BOOK
172923,jacobs68,2012-03-13,386361,The Ember Stone: A Branches Book (The Last Firehawk #1)
173785,kwet6ylbrrk@deleted,2019-11-29,18806,NEW LISTINGStillwater Trout by John Merwin
175287,jacobs68,2016-09-20,394820,Arctic Freeze (Race the Wild #3)
177996,cambt3,2018-04-01,223995,Everything for a Dog
178007,kwet6ylbrrk@deleted,2012-07-17,298031,Corduroy's Halloween (A Lift-the-Flap Book)
179394,cambt3,2023-05-27,62858,Farewell to Shady Glade
179628,kwet6ylbrrk@deleted,2021-06-13,213289,My Friend Rabbit: A Picture Book (Caldecott Medal Book)
179687,maryann774,2010-01-28,122569,Horse Diaries #1: Elska - 9780375847325
180246,cambt3,2023-12-29,343956,The Bad Guys in Open Wide and Say Arrrgh (The Bad Guys 15)
181655,kwet6ylbrrk@deleted,2023-04-11,357344,Pete the Cat's Train Trip (My First I Can Read)
182563,kwet6ylbrrk@deleted,2007-01-15,158235,Whistle for Willie
183459,kwet6ylbrrk@deleted,2020-04-23,122620,The Shy Little Kitten; Little Golden Books
183987,kwet6ylbrrk@deleted,2017-02-10,287656,Lectures on Human and Animal Psychology / by Wilhelm Wundt ; [Leather Bound]
185029,kwet6ylbrrk@deleted,2021-02-14,73498,Richard Scarry's Planes (Richard Scarry's Busy World)
185728,kwet6ylbrrk@deleted,2023-08-25,132308,"Smile, Pout-Pout Fish (A Pout-Pout Fish Mini Adventure)"
185883,maryann774,2016-07-08,242652,Little Puppy: Finger Puppet Book (Little Finger Puppet Board Books)
187107,kwet6ylbrrk@deleted,2015-08-06,309319,Everything for a Dog
187668,cambt3,2018-01-23,224824,"Seashells, Crabs and Sea Stars: Take-Along Guide [Take Along Guides]"
188181,kwet6ylbrrk@deleted,2015-06-21,329471,Sweet pickles books lot of 10 Small ASSORTED Alphabet Books Weekly Readers
189472,kwet6ylbrrk@deleted,2019-10-06,109030,Dog Man: From the Creator of Captain Underpants (Dog Man #1)
190092,cambt3,2021-03-31,29321,Charlotte's Web by E. B. White
190438,cambt3,2019-03-11,24613,The Three Snow Bears
190586,maryann774,2021-08-13,145125,Sheep Go to Sleep (board book) (Sheep in a Jeep)
191310,kwet6ylbrrk@deleted,2020-09-12,226446,Sleepy Dog (Step into Reading)
191661,jacobs68,2021-11-15,64847,Who Would Win? Ultimate Jungle Rumble
192378,kwet6ylbrrk@deleted,2017-10-18,13599,My First Peek-a-Boo Animals (The World of Eric Carle)
193503,cambt3,2020-06-07,235131,Is Your Mama a Llama?
193729,renae_clair,2013-08-17,354289,The Guardian
194675,kwet6ylbrrk@deleted,2023-01-24,69859,Winnie-The-Pooh Ser.: Now We Are Six & When We Were Very Young Classic Gift
194811,jacobs68,2022-12-31,84172,"Pete the Cat: Trick or Pete , Dean, Kimberly"
198224,maryann774,2022-06-03,222075,Bad Kitty Camp Daze
200170,kwet6ylbrrk@deleted,2018-01-15,323393,Samantha's Pride (Thoroughbred Series #7)
200711,jacobs68,2023-07-29,126055,Random Lot of 10 Level 2 Step Into Reading | I Can Read | Learn To Read FOR GIRL
202347,maryann774,2017-04-21,376945,"The Cat Who Went Underground - 9780515101232, Lilian Jackson Braun"
203684,kwet6ylbrrk@deleted,2013-06-11,359029,Cat Daddy: What the World's Most Incorrigible Cat Taught Me About Li
204303,cambt3,2019-04-26,142245,Sheep in a Jeep
204968,cambt3,2021-07-03,160931,Last Week Tonight with John Oliver Presents: A Day in the Life of Marlon Bundo
205164,jacobs68,2012-08-21,22325,An Otis Christmas
205477,maryann774,2023-03-22,237243,"George Washington and the General's Dog (Step-Into-Reading, Step 3)"
208824,renae_clair,2009-10-25,179856,Chadwick the Crab
209155,jacobs68,2022-02-19,341751,Where's the Poop?
210121,renae_clair,2019-08-18,39722,Maisy Makes Lemonade
210285,cambt3,2013-11-19,219951,"Hello Hello (Books for Preschool and Kindergarten, Poetry Books for Kids)"
211233,renae_clair,2006-07-17,374914,There Was an Old Lady Who Swallowed a Fly!
211717,maryann774,2013-09-12,259671,The Wonky Donkey: A Board Book
212353,kwet6ylbrrk@deleted,2023-01-25,268755,SCAREDY SQUIRREL
213134,jacobs68,2004-05-14,58736,Warriors: Power of Three #5: Long Shadows
214922,cambt3,2023-10-04,327391,Knight Owl
217311,jacobs68,2020-01-25,1346,NEW! DIARY OF A PUG Series 7 Books Set by Kyla May
218624,renae_clair,2014-10-20,271630,The Berenstain Bears' New Kitten (I Can Read Level 1)
219054,kwet6ylbrrk@deleted,2019-07-27,387522,Noisy Animals [My First]
221320,kwet6ylbrrk@deleted,2006-11-28,222909,Baby Orca: Finger Puppet Book
223061,cambt3,2020-06-06,254157,Chase's Space Case (Paw Patrol) (Step into Reading)
223354,renae_clair,2017-06-09,226076,McDuff Comes Home
224138,kwet6ylbrrk@deleted,2006-03-18,390884,Paw Patrol Phonics Childrens Step Reading Books Beginning Readers Lot 12
224343,maryann774,2010-04-11,92961,"First 100 Animals - 0312510799, board book, Roger Priddy"
224963,maryann774,2006-01-11,298970,Dora and the Unicorn King (Ready-To-Read Dora the Explorer - Level 1)
226620,jacobs68,2010-06-14,227456,NEW LISTINGLearn To Draw Animals
226698,kwet6ylbrrk@deleted,2023-06-28,232627,Pastured Poultry Profits
228270,cambt3,2022-08-26,356378,The Berenstain Bears and the Spooky Old Tree
229957,kwet6ylbrrk@deleted,2017-01-09,303025,"National Geographic Kids Everything Sharks: All the shark facts, photos"
230457,kwet6ylbrrk@deleted,2018-01-30,131326,PAW Patrol: The Movie: Big City Adventures (PAW Patrol) (Pictureback(R))
230948,renae_clair,2023-10-27,386885,Dog's Colorful Day
232018,renae_clair,2016-02-24,137688,"199 Dinosaurs and Prehistoric Animals - board book, 9780794542009, Hannah Watson"
232375,cambt3,2019-11-26,270176,The Haunted House (Choose Your Own Adventure - Dragonlarks)
232623,maryann774,2023-02-01,229421,Corduroy
232752,kwet6ylbrrk@deleted,2007-01-18,110412,The Magician's Elephant
232852,kwet6ylbrrk@deleted,2019-05-18,254842,Dora and the Unicorn King (Ready-To-Read Dora the Explorer - Level 1)
234538,kwet6ylbrrk@deleted,2012-10-07,1164,King & Kayla and the Case of the Secret Code
235902,kwet6ylbrrk@deleted,2001-10-11,155694,Duck on a Bike
236676,kwet6ylbrrk@deleted,2021-03-06,247522,Katie the Kitten
237150,maryann774,2017-07-18,265395,Eva and Baby Mo: A Branches Book; Owl Diaries #1
238224,maryann774,2022-02-04,377690,Farewell to Shady Glade
238540,cambt3,2022-01-12,10873,Kids Gone Fishin' (The Freshwater Angler)
238875,jacobs68,2016-12-09,379971,"Night-Night, Little Pookie (Pookie Books)"
239120,maryann774,2016-05-03,200791,Collie with a Card (Animal Ark Holiday Treasury #6-Valentine's Day) (Anim
240127,cambt3,2011-04-23,340645,Zen Shorts (Caldecott Honor Book)
240806,renae_clair,2004-04-04,106078,"Noisy Animals: My First Touch and Feel Sound Book by Walden, Libby"
240944,renae_clair,2022-04-07,276694,Surprises According to Humphrey
242262,maryann774,2022-02-06,11266,The Miraculous Journey of Edward Tulane
242819,jacobs68,2020-02-05,109716,Eloise and Friends
242954,kwet6ylbrrk@deleted,2006-10-15,103280,Odd and the Frost Giants
243389,jacobs68,2022-08-17,341449,"Steam Train, Dream Train"
243484,jacobs68,2004-12-19,159906,Tacky the Penguin
243855,kwet6ylbrrk@deleted,2017-04-02,251975,"Dogtripping: 25 Rescues, 11 Volunteers, and 3 RVs on Our Canine Cross-Cou"
244092,kwet6ylbrrk@deleted,2006-02-10,323629,SHEEP IN A JEEP
244328,renae_clair,2019-03-13,206362,The Adventures of Miss Petitfour
244536,maryann774,2007-10-27,114977,"The Art of Animal Drawing: Construction, Action Analysis, Caricature (Dov)"
245813,renae_clair,2012-10-31,244347,Bear Stays Up for Christmas
249656,kwet6ylbrrk@deleted,2011-08-16,64245,"Leroy Ninker Saddles Up: Tales from Deckawoo Drive, Volume One"
249700,renae_clair,2020-09-15,32464,The Wonderful World of Elephant and Piggie 10 Bks Box Set by Mo Willems - 4+ -PB
250026,kwet6ylbrrk@deleted,2013-07-28,75461,Chadwick the Crab
251087,renae_clair,2021-08-11,137053,I Lost My Tooth! (Unlimited Squirrels)
252741,jacobs68,2016-12-14,67532,If Animals Celebrated Christmas
252983,maryann774,2014-01-09,188463,Tuck in the Pool
253133,jacobs68,2020-02-14,293918,"Redwall by Jacques, Brian"
255134,kwet6ylbrrk@deleted,2022-06-17,121032,Eva's Big Sleepover: A Branches Book (Owl Diaries #9)
255299,jacobs68,2018-12-02,273949,Purrmaids #4: Search for the Mermicorn
257775,kwet6ylbrrk@deleted,2020-10-05,76315,The Wild Unknown Animal Spirit Deck and Guidebook (Offic [PREMIUM LEATHER BOUND])
258015,jacobs68,2015-05-01,65031,"The Hummingbird Book: The Complete Guide to Attracting, Identifying - ACCEPTABLE"
258580,maryann774,2013-06-22,78748,Guess How Much I Love You
258875,kwet6ylbrrk@deleted,2019-10-15,293565,Pete the Cat: Secret Agent
259286,renae_clair,2021-06-20,344854,"Adult Coloring Book: Stress Relieving Designs Animals, Mandalas, Flowers"
260452,maryann774,2022-03-04,350766,Nickelodeon 5-Minute Christmas Stories (Nickelodeon)
261182,maryann774,2019-05-11,64728,Funny Farm Animals - Silicone Touch and Feel Board Book - Sensory Boa
262115,renae_clair,2021-06-14,22971,Pete the Kitty and the Unicorn's Missing Colors (My First I Can Read)
263311,jacobs68,2021-08-14,159890,This Book Is Literally Just Pictures of Animals Silently Judging You
264705,cambt3,2012-11-08,401661,National Geographic Kids Chapters: Lucky Leopards: And More True Stories
265087,jacobs68,2016-05-28,9614,There Was an Old Lady Who Swallowed a Fly!
265240,kwet6ylbrrk@deleted,2014-09-16,282815,Purrmaids 6: Quest for Clean Water
265959,jacobs68,2007-08-28,145145,Warriors: The New Prophecy #3: Dawn
266377,kwet6ylbrrk@deleted,2023-10-05,14039,"NEW LISTINGHorse, Follow Closely: Native American Horsemanship by Pony Boy, Gawani"
266558,renae_clair,2018-01-21,265251,Waiting Is Not Easy! (An Elephant and Piggie Book)
266733,kwet6ylbrrk@deleted,2016-05-15,82588,Mac and Cheese [I Can Read Level 1]
267282,jacobs68,2013-06-09,385966,The Three Bears
272736,maryann774,2018-10-21,401505,"Cleveland Amory's Compleat Cat: Cat Who Came for C- Amory, 1884822282"
273413,cambt3,2022-05-24,383566,"Panda Bear, Panda Bear, What Do You See? Board Book"
273818,maryann774,2019-11-10,28320,Animalium Botanicum: Deluxe Two-Book Box Set - LIKE NEW
273948,cambt3,2016-09-27,282012,Night Animals by Gianna Marino
273998,kwet6ylbrrk@deleted,2019-11-08,205939,"Rumor Has It; An Animal Magnetism Novel - Jill Shalvis, 9780425255827"
274066,cambt3,2015-11-19,317979,Wild Animals Coloring Book (Dover Nature Coloring Book)
276203,maryann774,2011-05-23,272585,National Geographic Little Kids First Big Book of Animals (National Geogr)
276783,maryann774,2009-09-10,248058,Mariel of Redwall
276906,renae_clair,2016-06-12,116210,Shark Trouble
277727,kwet6ylbrrk@deleted,2016-10-21,400706,Blueberries for Sal (Viking Kestrel picture books)
279047,maryann774,2005-04-09,372336,All Better!
279430,cambt3,2016-05-19,337787,Is Your Mama a Llama?
279995,cambt3,2022-07-10,288159,World of Reading: Mother Bruce Bruce's Big Fun Day: Level 1
280229,jacobs68,2012-10-25,63042,Bear Stays Up for Christmas; The Bear Bo- 9781416958963
280816,maryann774,2021-12-03,67278,Dogs (First Discovery Book) - Spiral-bound
281954,jacobs68,2003-03-26,99743,Pig the Elf (Pig the Pug)
282874,cambt3,2020-08-30,223666,Wild About Books
282934,renae_clair,2020-05-17,348904,Infected: An AFK Book (Piggy Original Novel)
284894,cambt3,2019-05-24,243439,Katt vs. Dogg
285342,kwet6ylbrrk@deleted,2023-08-14,12375,"A Big Guy Took My Ball!-An Elephant and Pi- 9781423174912, Mo Willems"
285820,maryann774,2020-02-06,263915,The Pout-Pout Fish
287561,cambt3,2018-04-05,117834,The Lion Guard Meet the New Gu
288524,maryann774,2019-04-01,343794,"National Geographic Kids Everything Sharks: All the shark facts, photos"
288552,cambt3,2023-07-08,35803,The House That Jack Built
288620,kwet6ylbrrk@deleted,2018-05-03,194814,NEW LISTINGJunior Classics BLACK BEAUTY +THE SECRET GARDEN Anna Sewell
288761,kwet6ylbrrk@deleted,2019-05-10,279133,How Do Dinosaurs Love Their Dogs?
289289,jacobs68,2022-01-15,345245,THE BERENSTAIN BEARS TRICK OR TR
291340,renae_clair,2020-03-21,77461,Mad Dog (Starlight Animal Rescue) - Mass Market
291439,maryann774,2019-10-24,154024,Olivia Counts
291671,renae_clair,2015-07-07,346804,Pests: How Humans Create Animal Villains
291848,renae_clair,2022-11-25,328054,We're Going on a Bear Hunt (Classic Board Books)
292622,maryann774,2015-03-18,339704,The Call of the Wild
292863,maryann774,2016-05-15,252878,In the Heart of the Sea: The Tragedy of the Whaleship Essex
292886,cambt3,2022-12-11,152942,"Have You Seen My Cat? by Carle, Eric"
293401,kwet6ylbrrk@deleted,2023-05-25,135676,Echo's Lucky Charm (Dolphin School #2)
293769,maryann774,2008-11-11,311640,Saving Winslow
294067,cambt3,2021-12-27,156634,Super Rabbit Boy vs. Super Rabbit Boss!: A Branches Book (Press Sta)
294284,jacobs68,2016-08-15,281901,Corgi in the Cupcakes (Animal Ark Holiday Treasury #18-Valentine's Day)
296355,cambt3,2015-06-09,78247,The Dumb Bunnies
296939,maryann774,2017-05-31,340731,Eva in the Spotlight: A Branches Book (Owl Diaries #13)
297312,kwet6ylbrrk@deleted,2022-05-29,347895,The Cat Who Sniffed Glue
298743,kwet6ylbrrk@deleted,2014-06-25,266819,Animal artisans
299198,renae_clair,2019-02-02,133113,The Three Little Pigs (Disney Classic) (Little Golden Book)
299250,maryann774,2016-06-20,192304,The Call of the Wild
299825,maryann774,2021-01-09,376874,There Was an Old Lady Who Swallowed a Fly!
300241,cambt3,2017-01-01,238044,"NEW LISTINGHow to Build Animal Housing: 60 Plans for Coops, Hutches, Barns, Sh - ACCEPTABLE"
300558,maryann774,2010-03-03,376490,PIG THE PUG SIX Book BOXED SET Aaron Blabey Winner Star Elf Fibber NEW SEALED
300667,renae_clair,2018-01-11,108760,That's Not My Kitten... (Usborne Touchy-Feely Books)
300864,kwet6ylbrrk@deleted,2021-05-26,385991,"The Bad Guys in Open Wide and Say Arrrgh! [The Bad Guys #15] by Blabey, Aaron"
301574,jacobs68,2023-10-08,286254,Angry Birds Playground: Atlas: A Global Geography- 1426314000
303269,jacobs68,2012-08-02,146941,The Berenstain Bears and the Big Blooper
303360,jacobs68,2010-06-15,248857,The Berenstain Bears Meet Santa Bear (Deluxe Edition) (First Time Books(R)) by B
305752,kwet6ylbrrk@deleted,2011-02-12,246434,"Good Night, Good Night: The Original Longer Version Of The Going To Bed Boo"
306361,kwet6ylbrrk@deleted,2014-03-31,281701,The Berenstain Bears Go to School (First Time Books(R))
306884,jacobs68,2017-07-19,210457,Nora the Arctic Fox Fairy (the Baby Animal Rescue Faires #7): A Rainbow Magic
306951,kwet6ylbrrk@deleted,2022-09-18,143451,"Brown Bear, Brown Bear, What Do You See?"
307222,jacobs68,2020-06-30,394705,The Pout-Pout Fish
307466,cambt3,2023-04-18,328742,Baby Touch and Feel: Farm Animals (Baby Touch & Feel)
307572,cambt3,2018-03-14,365594,Baby Einstein: First Words
308100,jacobs68,2018-02-12,239724,Seekers #3: Smoke Mountain
310080,jacobs68,2019-07-27,175336,Henry and Mudge and the Funny Lunch Level 2 Reader (Henry and Mudge Ready)
311690,maryann774,2007-07-06,332122,Bad Kitty Goes to the Vet; classic black-and
312077,renae_clair,2021-10-02,134667,Mariel of Redwall
312111,kwet6ylbrrk@deleted,2023-11-24,89575,Paddington and the Christmas Surprise
313155,kwet6ylbrrk@deleted,2018-01-29,160948,Baby Animals Black and White
313190,kwet6ylbrrk@deleted,2016-09-21,272705,Birds First Discovery Books
313258,maryann774,2023-12-03,271106,Spot Goes to the Farm board book
313548,kwet6ylbrrk@deleted,2011-02-17,71520,"Little Blue Truck's Halloween: A Halloween Book for Kids by Schertle, Alice"
314797,jacobs68,2017-07-30,219663,NEW LISTINGAnimal Mouths
315460,kwet6ylbrrk@deleted,2007-08-18,222472,CatStronauts: Race to Mars
317177,cambt3,2023-09-11,172989,A Dog's Promise (A Dog's Purpose)
318160,maryann774,2004-10-18,260329,1001 Things to Spot in the Sea
318824,jacobs68,2022-02-18,288357,Silly Lullaby (Boynton on Board (Sandra Boynton Board Books))
319682,renae_clair,2022-05-11,239072,Open the Barn Door (A Chunky Book(R))
320621,renae_clair,2010-07-28,309804,Marley & Me: Life and Love with the World's Worst Dog
320842,maryann774,2012-05-18,103540,"Foxfire 3: Animal Care, Banjos and Dulcimers, Hide Tanning, Summer and Fa"
323828,kwet6ylbrrk@deleted,2021-01-17,263851,The Berenstain Bears Get the Gimmies
325188,jacobs68,2014-01-11,51464,I Spy Little Animals
325512,cambt3,2023-07-06,256264,Bedtime Bear (Touch and Feel Books)
325601,renae_clair,2013-11-02,162134,"The Backyard Bug Book for Kids: Storybook, Insect Facts, and Activities"
325809,maryann774,2023-12-02,57894,National Geographic Little Kids First Big Book
326128,kwet6ylbrrk@deleted,2020-11-16,43886,Grumpy Monkey
327549,kwet6ylbrrk@deleted,2018-08-03,373991,The Animal Farm Buttermilk Cookbook: Recipes and Reflections from a Small Vermo
328018,maryann774,2022-03-04,277610,"Smile, Pout-Pout Fish (A Pout-Pout Fish Mini Adventure)"
328986,kwet6ylbrrk@deleted,2021-07-25,372409,Warriors: The New Prophecy #3: Dawn
330968,renae_clair,2019-11-16,366058,"Have You Seen My Cat? by Carle, Eric"
331509,cambt3,2018-06-06,86243,A Whale of the Wild
332218,renae_clair,2023-07-23,259483,The Berenstain Bears No Girls Allowed
333136,maryann774,2019-12-04,306620,Five Silly Turkeys
333316,kwet6ylbrrk@deleted,2022-02-20,368518,"Rainforest Escape: My Island Animal, Exotic Flower and Tropical Plant Color Book"
334576,cambt3,2017-10-17,41492,The Octonauts and The Only Lonely Monster
335318,kwet6ylbrrk@deleted,2022-07-11,95923,"NEW LISTINGGolden Retrievers by Schuh, Mari C"
335860,renae_clair,2013-02-02,81581,Put Me in the Zoo (I can read it all by myself' Beginner Books) - ACCEPTABLE
336232,renae_clair,2015-04-27,42448,That's Not My Kitten... (Usborne Touchy-Feely Books)
337112,kwet6ylbrrk@deleted,2018-11-04,126475,Redwall: 30th Anniversary Edition - Mass Market
337183,cambt3,2002-02-26,166551,The One and Only Bob
338183,renae_clair,2022-01-01,257652,I Had a Black Dog - Flexibound
338674,cambt3,2013-02-19,18659,Pete the Cat: Out of This World
340110,jacobs68,2008-01-20,259178,Gilbert Goldfish Wants a Pet
342426,jacobs68,2021-11-17,73989,Kitty Feral and the Case of the Marshmallow Monkey
342561,jacobs68,2009-10-30,227590,Nugly
343410,kwet6ylbrrk@deleted,2021-09-11,22094,Esio Trot
344459,kwet6ylbrrk@deleted,2016-02-20,1894,"Dinosaurs to Dodos: An Encyclopedia of Extinct Animals by Lessem, Don"
346881,maryann774,2012-05-18,212417,A Wolf Called Wander
346998,jacobs68,2018-06-06,37035,The Napping House
350937,jacobs68,2011-08-10,119116,The Ugly Duckling (Caldecott Honor Book)
352821,kwet6ylbrrk@deleted,2017-06-14,220039,Animals in Winter (Let's-Read-and-Find-Out Science)
353461,kwet6ylbrrk@deleted,2020-02-18,277231,"Dog Man: A Graphic Novel (Dog Man #1): From the Creator of Captain Underpants, 1"
354554,kwet6ylbrrk@deleted,2010-07-22,173724,Lost in the Snow (Pet Rescue Adventures)
354555,kwet6ylbrrk@deleted,2014-11-07,191424,My Big Book of Beginner Books About Me (Beginner Books(R))
354606,kwet6ylbrrk@deleted,2007-09-14,3746,Doctor De Soto
354962,maryann774,2023-03-13,139510,Mad Dog (Starlight Animal Rescue) - Mass Market
355305,maryann774,2007-08-26,34461,Pete the Cat and His Four Groovy Buttons
355650,kwet6ylbrrk@deleted,2023-10-28,288617,"WILD BORN [SPIRIT ANIMALS, BOOK"
355849,kwet6ylbrrk@deleted,2023-05-06,348795,NEW LISTINGThe Case of the Scaredy Cats; An I C
356105,maryann774,2012-02-19,180994,Franklin's Blanket
357455,kwet6ylbrrk@deleted,2012-06-25,260067,Henry Huggins
357516,jacobs68,2020-06-18,145784,Nugly
360267,maryann774,2005-10-16,4930,Olivia Counts
360332,kwet6ylbrrk@deleted,2023-12-08,287862,"Richard Scarry's Good Morning, Busytown! by Scarry, Richard"
360685,maryann774,2012-11-10,121203,The Mixed-Up Chameleon by Eric Carle (1984-10-24)
361035,kwet6ylbrrk@deleted,2021-07-27,251584,Chadwick the Crab
361259,kwet6ylbrrk@deleted,2022-10-29,377864,WHAT IF YOU HAD AN ANIMAL TAIL?
364797,jacobs68,2021-02-27,57121,Crookedstar's Promise (Warriors Super Edition)
364810,maryann774,2015-11-13,95946,The Horsewoman
367819,kwet6ylbrrk@deleted,2017-05-06,179414,Where the Red Fern Grows - Mass Market
368110,renae_clair,2015-12-13,193627,"There Was an Old Lady Who Swallowed a Bell!- 9780545946155, board book, Colandro"
368721,cambt3,2021-01-17,214089,Baby Touch and Feel: Bible Animals (Baby Touch & Feel)
368949,cambt3,2022-06-12,248520,National Geographic Little Kids First Big Book of the Ocean (National Geo)
369154,renae_clair,2020-04-03,261635,The Berenstain Bears Go to School (First Time Books(R))
369441,jacobs68,2020-11-16,295758,Ashlyn's Unsurprise Party (Wellie Wishers)
372447,cambt3,2012-04-30,163538,Creepy Carrots!
372589,kwet6ylbrrk@deleted,2010-07-18,314029,1984 & Animal Farm Set by George Orwell - NEW
374877,jacobs68,2023-05-27,4853,Because I Had a Teacher
375712,kwet6ylbrrk@deleted,2020-09-05,174913,Bear Snores On
375775,renae_clair,2016-10-15,268138,Have Mercy!: Confessions of the Original Rock 'N' Roll Animal
375807,jacobs68,2018-01-13,59269,I Am Pusheen the Cat
377811,cambt3,2018-03-11,389911,The Hidden World of the Fox
379340,cambt3,2022-02-05,275296,Hank the Cowdog Ranch Life - Complete Series 5 Books
380312,kwet6ylbrrk@deleted,2012-12-27,23667,Llama Llama Red Pajama
382800,cambt3,2015-03-05,290527,Clifford's Christmas
382885,jacobs68,2023-11-19,127553,"The Cat Who Saw Red - Lilian Jackson Braun, 9780515090161"
383199,cambt3,2019-07-16,80151,National Geographic Readers: Koalas
383202,renae_clair,2018-09-17,346519,Everything You Need to Ace Science in One Big Fat Notebook: The Complete
384235,cambt3,2014-05-25,115984,Pay Dirt: A Mrs. Murphy Mystery
384300,renae_clair,2006-09-02,240955,The Happy Man and His Dump Truck (Little Golden Book)
384674,jacobs68,2018-11-10,223616,The Yearling (50th Anniversary Edition) - Mass Market
384823,kwet6ylbrrk@deleted,2023-06-28,226935,"Baby Touch and Feel: Farm Friends - 9781465416728, DK, board book"
385382,kwet6ylbrrk@deleted,2018-12-04,335441,Busy Doggies!: A Busy Animals Book (A Busy Book)
385444,maryann774,2017-01-23,179638,"NEW LISTINGLITTLE CELEBRATIONS, IN THE BACKYARD, SINGLE COPY, FLUENCY, STAGE 3A"
385448,renae_clair,2020-10-04,400534,"Time for Bed, Pete the Kitty: A Touch & Feel Book (Pete the Cat)"
385656,kwet6ylbrrk@deleted,2023-04-18,200634,Water Babies
387258,kwet6ylbrrk@deleted,2018-10-15,278325,Lot of 15 1st Grade AR Accelerated Reading RANDOM Picture Books RL Level 1.0-1.9
387641,jacobs68,2013-09-17,194664,"Bright Baby Touch & Feel Baby Animals; Bright- board book, 9780312498580, Priddy"
388071,kwet6ylbrrk@deleted,2015-11-10,337160,Growl! A Book About Bears (level 3) (Hello Reader)
388238,kwet6ylbrrk@deleted,2020-01-27,303206,Amazing Animal Groups Books for Young Explorers
388573,cambt3,2013-12-16,42535,The Three Snow Bears
388727,cambt3,2023-09-13,363810,The Berenstain Bears and the Christmas Angel (Berenstain Bears/Living)
389962,maryann774,2023-09-12,207456,Hallmark Itty Bittys Jack and the Beanstalk Stuffed Animal & Storybook Set
390120,jacobs68,2018-04-29,300053,"Animal Farm: The Graphic Novel by Orwell, George"
390629,jacobs68,2020-11-10,42856,Childcraft Books Complete Your Set Replacement 1981 You Pick Choose Volumes
392286,cambt3,2017-07-10,101107,Zen Ties
392635,kwet6ylbrrk@deleted,2020-02-18,183255,CatStronauts: Mission Moon
392722,renae_clair,2022-01-29,323058,The Grinny Granny Donkey
393365,jacobs68,2017-11-21,49597,Never Touch a Shark
395185,cambt3,2023-04-17,106797,Animal Quotations
395323,kwet6ylbrrk@deleted,2021-04-23,87705,Random Lot of 10 Level 3 Step Into Reading | I Can Read | Learn To Read FOR BOYS
395573,kwet6ylbrrk@deleted,2016-01-17,311224,Baby Animals (Little Golden Book)
395827,renae_clair,2005-09-15,217902,Pete the Cat and His Four Groovy Buttons
396328,kwet6ylbrrk@deleted,2012-02-24,234238,Library Book: Are You My Mother?
396391,maryann774,2023-10-14,294719,"I Need a Hug / Necesito Un Abrazo (Bilingual) by Blabey, Aaron"
396565,maryann774,2022-10-07,39443,The Mitten
397394,kwet6ylbrrk@deleted,2017-12-01,273359,"North American Wildlife: Birds Field Guide by Reader's Digest; Dolezal, Robert"
397777,jacobs68,2021-11-13,36768,Skippyjon Jones Snow What
398526,maryann774,2020-05-19,108591,Warriors #3: Forest of Secrets (Warriors: The Prophecies Begin)
398757,kwet6ylbrrk@deleted,2020-01-14,260650,"NEW LISTINGKitty's Magic: Star the Little Farm Cat by Moonheart, Ella"
399510,maryann774,2009-10-03,222731,Cracker!: The Best Dog in Vietnam
399571,renae_clair,2020-01-25,387860,"Pete the Cat: Rock On, Mom and Dad!"
399964,jacobs68,2022-07-27,303013,Bizzy Bear: Zookeeper
401630,kwet6ylbrrk@deleted,2023-01-13,217990,Where The Red Fern Grows
402359,cambt3,2012-12-02,253224,"A Big Guy Took My Ball!-An Elephant and Pi- 9781423174912, Mo Willems"
402624,renae_clair,2023-03-10,244715,Baby Einstein: First Words
402753,jacobs68,2023-11-04,339749,Animal Rescue Friends Volume 1 Epic
402881,renae_clair,2009-11-01,137814,Dream Animals: A Bedtime Journey
402993,kwet6ylbrrk@deleted,2022-06-07,23951,The Cat Who Went Bananas
403933,renae_clair,2014-11-24,115023,The Secret Life of Pets Little Golden Book (Secret Life of Pets)
404942,cambt3,2018-01-17,105019,Nuts to You
406247,kwet6ylbrrk@deleted,2017-05-12,202601,"The Big Honey Hunt, 50th Anniversary Edition (The Berenstain Bears)"
408086,cambt3,2014-02-07,341085,Urchin and the Heartstone (The Mistmantle Chronicles)
409546,kwet6ylbrrk@deleted,2023-10-06,340032,1984 & Animal Farm (Set of 2 Books) by George Orwell -NEW
410491,kwet6ylbrrk@deleted,2016-08-21,377126,"Llama Llama Gives Thanks by Dewdney, Anna"
410532,maryann774,2021-08-10,266067,NEW LISTINGDoves; A Complete Pet Owner's Manual - 0812018559
412596,kwet6ylbrrk@deleted,2015-09-06,268723,NEW LISTINGFind Your Animal: A Spiritual Guide to Self-discovery
413496,maryann774,2020-05-21,135481,A Bear Called Paddington
414519,renae_clair,2023-02-14,206857,The Rainbow Fish
416169,renae_clair,2013-12-20,353158,Cats Gone Bad
416661,renae_clair,2011-02-22,374341,Amelia Sparklepaw's Party Problem (Magic Animal Friends: Special Edition)
418721,kwet6ylbrrk@deleted,2023-12-10,96261,PIG THE PUG SIX Book BOXED SET Aaron Blabey Winner Star Elf Fibber NEW SEALED
418825,renae_clair,2021-02-27,204861,Evolutional Ethics and Animal Psychology (Classic Reprint)
419122,cambt3,2023-10-10,270966,"Max; Maximum Ride, Book 5 - James Patterson, 0316002895"
420779,kwet6ylbrrk@deleted,2020-02-26,388067,"Chickens by Miller, Sara Swan"
421810,renae_clair,2023-10-05,94703,Big Little Spies (A Paws & Claws Mystery) - Mass Market
422166,jacobs68,2023-08-03,169232,Actual Size
424275,cambt3,2023-11-19,363260,Peter Spier's Circus (A Picture Yearling Book)
424872,kwet6ylbrrk@deleted,2017-04-17,208003,Animalia
426460,cambt3,2018-07-30,77803,The New Yorker Book of All-New Cat Cartoons (New Yorker Series)
427189,maryann774,2013-04-24,402066,Reptiles and Amphibians of New Zealand (2019)
428133,maryann774,2023-11-14,96509,The Wild Robot Escapes
429181,maryann774,2005-11-24,239181,The Classic Treasury of Aesop's Fables
430585,maryann774,2022-05-09,51987,Biscuits Christmas Storybook Favorites Includes 9 Stories Plus Stickers
431136,maryann774,2008-08-13,137563,Eating Animals
432781,cambt3,2020-01-25,399280,"The Capture (Guardians of Ga'hoole, Book 1)"
432838,cambt3,2021-04-14,205537,National Geographic Kids Chapters: Horse Escape Artist: And More True Sto
433335,maryann774,2021-07-28,339459,Illustrated Treasury of Classic Animal Tales & Rhymes (Children's Illustrated)
433407,kwet6ylbrrk@deleted,2014-07-02,295912,Dr. Petty's Pain Relief for Dogs: The Complete Medical and Integrative Guide
434219,jacobs68,2023-04-26,70401,There Was an Old Lady Who Swallowed a Bell!
434790,kwet6ylbrrk@deleted,2019-10-27,169109,Kids Gone Fishin' (The Freshwater Angler)
435760,jacobs68,2023-03-21,253765,NEW LISTINGKaakuluk: Beluga Whales!
436384,renae_clair,2013-05-11,40448,The Council of Animals: A Novel
436865,kwet6ylbrrk@deleted,2006-04-13,228234,20 LBS of Childrens Baby Toddler Daycare Board Books Chunky Books RANDOM
437044,maryann774,2021-10-14,212397,Comet's Nine Lives
437642,kwet6ylbrrk@deleted,2009-05-25,208180,"Wild Sea Creatures: Sharks, Whales and Dolphins! (Wild Kratts) (Step into"
438246,renae_clair,2007-06-30,254970,War Animals: The Unsung Heroes of World War II
438506,kwet6ylbrrk@deleted,2018-01-13,142514,Sam and the Firefly
439174,cambt3,2007-07-07,8938,Eloise and Friends
440788,kwet6ylbrrk@deleted,2019-11-18,312186,Bear Stays Up for Christmas
442476,kwet6ylbrrk@deleted,2023-11-06,134789,The Animals' Christmas Eve (Little Golden Book)
442842,kwet6ylbrrk@deleted,2019-05-22,368009,"Sweet Dreams, Roo (Winnie the Pooh)"
444651,kwet6ylbrrk@deleted,2020-12-10,172050,"Poppy; Poppy, 3"
445516,kwet6ylbrrk@deleted,2022-01-02,190919,Don't Let The Pigeon Drive The Bus! - 9780439686174
446336,kwet6ylbrrk@deleted,2018-08-05,74084,Goodnight Moon
446566,cambt3,2023-06-03,267845,If You Give a Pig a Pancake
446578,renae_clair,2017-11-12,324522,NEW LISTINGSurvivors #1: The Empty City
446719,maryann774,2021-04-24,345382,The Dinky Donkey
447493,renae_clair,2023-12-31,228006,Chicken Sunday - 9780698116153
447769,maryann774,2008-02-05,203721,What Do People Do All Day?
448548,kwet6ylbrrk@deleted,2022-07-29,321069,Richard Scarry's Please and Thank You Book (Pictureback(R))
448594,kwet6ylbrrk@deleted,2012-03-06,3332,Dream Animals: A Bedtime Journey
449851,renae_clair,2006-11-26,253114,Guess How Much I Love You
450295,renae_clair,2023-07-17,277685,"Baby Beluga; Raffi Songs to Read - 9780517709771, board book, Raffi"
450481,kwet6ylbrrk@deleted,2015-01-28,195834,"Bad Dog, Marley!"
450579,renae_clair,2020-02-06,112771,All the Awake Animals Are Almost Asleep
451192,jacobs68,2010-06-12,77671,Gilbert Goldfish Wants a Pet
451981,maryann774,2023-03-02,180505,Farm Animals Coloring Book for Kids Beautiful +40 Pages Contain Simple and Some
453083,renae_clair,2001-09-07,383343,The Loop - Mass Market
454039,kwet6ylbrrk@deleted,2023-06-27,105162,"Animal Kingdom: Color Me, Draw Me (A Millie Marotta Adult Co)"
454114,jacobs68,2019-01-17,27346,Arthur's TV Trouble (An Arthur Adventure)
455303,jacobs68,2003-02-04,161763,The Cute Book
455350,cambt3,2022-09-14,91986,Animales Nocturnos (Night Animals) (Spanish Edition) by Gianna Marino
456025,maryann774,2017-03-03,24626,Animal Dreams
457743,cambt3,2017-07-31,80925,Bear Wants More (The Bear Books)
458400,renae_clair,2020-03-30,52932,The Genius of Birds
458474,renae_clair,2019-12-10,129168,Mossflower (Prequel to Redwall) - Mass Market
458606,kwet6ylbrrk@deleted,2023-01-21,247734,"1984, Animal Farm (Set of 2 Books) by George, Orwell"
459160,maryann774,2016-11-25,226069,"I'll Wait, Mr. Panda / Yo voy a esperar, Sr. Panda (Spanish Edition)"
459298,kwet6ylbrrk@deleted,2023-01-02,310358,"The Bad Guys in Open Wide and Say Arrrgh! (the Bad Guys #15) by Blabey, Aaron"
461130,renae_clair,2018-04-20,159804,The Squeaky Lion (Animal Tales) by unknown
461469,kwet6ylbrrk@deleted,2011-09-08,286617,Your Bedroom Is a Rainforest!: Bring Rainforest Animals Indoors with
462314,renae_clair,2023-09-03,266097,Pests: How Humans Create Animal Villains
463434,cambt3,2007-08-31,158317,1001 Animals to Spot (1001 Things to Spot)
464220,kwet6ylbrrk@deleted,2016-09-28,130437,Nuts to You
464510,maryann774,2015-07-03,297587,Animal Farm and Related Readings
466541,maryann774,2021-03-08,357771,Richard Scarry's Best Little Word Book Ever (Little Golden Book)
466708,renae_clair,2017-03-15,327640,I'm the Biggest Thing in the Ocean!
467069,maryann774,2022-12-14,213672,"National Geographic Kids Ocean Animals Sticker Activity Book: Over 1,000"
468162,maryann774,2017-10-02,71562,Magic School Bus Going Batty
468254,maryann774,2023-05-17,350669,Baby Very First Slide and See Animals
468690,kwet6ylbrrk@deleted,2013-03-24,77101,Trouble with Trolls
470372,kwet6ylbrrk@deleted,2013-06-01,167972,Pete the Cat: Five Little Ducks
470744,kwet6ylbrrk@deleted,2022-09-27,146865,"Wildlife Fact File, Complete Series In 3 Three Inch Binders"
471622,kwet6ylbrrk@deleted,2021-09-30,280803,The Berenstain Bears' New Kitten (I Can Read Level 1)
471722,kwet6ylbrrk@deleted,2015-12-01,54308,Eragon (Inheritance)
471890,jacobs68,2023-04-23,371865,Llama Llama Red Pajama
472118,kwet6ylbrrk@deleted,2003-06-01,77722,"Mammals: A Fully Illustrated, Authoritative and Easy-to-Use Guide (A Gold)"
475012,maryann774,2013-10-12,1890,Walrus vs. Elephant Seal (Who Would Win?) (25)
476991,cambt3,2004-12-07,17638,Llama Llama Hoppity-Hop
477412,cambt3,2023-08-17,48616,The Cat Who Went Bananas
478571,kwet6ylbrrk@deleted,2018-01-07,7255,The Shy Little Kitten (Little Golden Books)
479192,cambt3,2021-07-21,373177,NEW LISTINGLot of 8 PIG THE PUG books
479437,renae_clair,2012-01-18,16860,I Am a Bunny (A Golden Sturdy Book)
479552,kwet6ylbrrk@deleted,2014-06-16,347944,"Rescued: What Second-Chance Dogs Teach Us About Living with Purpose, Lovi"
480063,maryann774,2017-03-11,311744,Who Would Win? Alligator vs. Python
483027,kwet6ylbrrk@deleted,2019-05-05,388787,Some Babies Are Wild [Wildlife Picture Books]
483322,jacobs68,2016-05-03,166308,"NEW LISTINGCesar's Way: The Natural, Everyday Guide to- 0307337332, Cesar Millan"
484532,kwet6ylbrrk@deleted,2019-11-06,53690,Corgi in the Cupcakes (Animal Ark Holiday Treasury #18-Valentine's Day)
485267,maryann774,2008-11-11,377694,Wild About Books
485401,maryann774,2022-06-29,221587,Flora and Ulysses: The Illuminated Adventures
486466,kwet6ylbrrk@deleted,2023-09-08,282412,"The Quest Begins (Seekers, Book 1)"
487548,maryann774,2018-06-24,298984,Tippy Lemmey
487864,kwet6ylbrrk@deleted,2023-08-01,157834,Journey through Ash and Smoke (Ranger in Time #5)
487943,maryann774,2019-01-18,153559,The World According to Bob: The Further Adventures of One Man and His Str
488108,maryann774,2023-04-03,190873,"How to Talk to Your Cat About Gun Safety: And Abstinence, Drugs, Satanism"
489362,jacobs68,2021-02-27,348355,Random Lot of 10 A to Z & Calendar Mysteries by Ron Roy Scholastic
489601,kwet6ylbrrk@deleted,2022-12-11,394183,"NEW LISTINGKitty's Magic: Star the Little Farm Cat by Moonheart, Ella"
489663,jacobs68,2011-12-30,385685,Dick and Jane Fun Wherever We Are
490184,kwet6ylbrrk@deleted,2022-07-04,38528,"Does a Kangaroo Have a Mother, Too?"
491398,kwet6ylbrrk@deleted,2013-12-25,327659,Chicken Sunday - 9780698116153
492967,renae_clair,2014-12-18,190453,Muddle and Match Jungle Animals
493440,kwet6ylbrrk@deleted,2007-09-05,218279,Stallion by Starlight (Magic Tree House (R) Merlin Mission)
493462,kwet6ylbrrk@deleted,2007-11-27,356519,Bizzy Bear: Zookeeper
493614,maryann774,2021-10-15,384304,Crictor
494552,renae_clair,2009-06-24,1046,Cat in the Crypt (Animal Ark Hauntings #2)
497397,kwet6ylbrrk@deleted,2021-12-25,114732,All Better!
497881,cambt3,2014-05-31,27559,A Primates Memoir
498168,jacobs68,2020-09-28,370746,"NEW LISTINGMigloo's Weekend by Bee, William"
498309,jacobs68,2019-04-20,43588,Digital Download | Remarkably Bright Creatures: A Novel
500173,renae_clair,2015-07-22,227426,Horse Diaries #4: Maestoso Petra
500435,maryann774,2021-08-29,93727,Dr. Seuss's Horse Museum
500598,maryann774,2020-09-24,364013,The Berenstain Bears: We Love the Library
501741,kwet6ylbrrk@deleted,2022-06-09,37752,A Fly Went by (Beginner Books(R))
502038,jacobs68,2016-07-10,306776,The Kitten Who Thought He Was a Mouse (Little Golden Book)
502041,jacobs68,2013-01-08,29293,The Swiss Family Robinson (Puffin Classics)
502348,jacobs68,2005-05-13,156955,Dream Animals: A Bedtime Journey
503432,kwet6ylbrrk@deleted,2021-05-24,299123,The Velveteen Rabbit Mini Kit: Plush Toy and Illustrated Book (RP Minis) by in
503797,kwet6ylbrrk@deleted,2021-09-21,58085,Swimmy
504197,cambt3,2011-01-13,377195,Dog Man: From the Creator of Captain Underpants (Dog Man #1)
505073,kwet6ylbrrk@deleted,2022-05-27,130560,"The Quest Begins (Seekers, Book 1)"
505191,cambt3,2013-08-18,2525,Who Would Win? Ultimate Bug Rumble
505296,kwet6ylbrrk@deleted,2010-06-25,192593,Blind Trust (True Blue K-9 Unit) - Mass Market
506496,jacobs68,2020-02-03,313300,Close to Shore: The Terrifying Shark - 9780767904148
506523,cambt3,2023-03-11,387069,Doggies (Boynton on Board)
507127,jacobs68,2005-05-13,211791,Angry Birds Playground: Atlas: A Global Geography- 1426314000
507963,kwet6ylbrrk@deleted,2008-04-07,153085,"Polar Bear, Polar Bear, What Do You H- board book, Bill Martin Jr, 9780805053883"
508145,cambt3,2023-02-14,171190,The Shy Little Kitten (Little Golden Books)
508901,jacobs68,2022-08-27,279975,Chicken Soup for the Soul: Loving Our Dogs: Heartwarming and Humoro - ACCEPTABLE
509499,kwet6ylbrrk@deleted,2023-12-14,205246,Ember (Rescue Dogs #1)
509582,renae_clair,2008-06-07,302996,"NEW LISTINGMiss McTaffetys Cats by Underhill, Liz"
509996,jacobs68,2023-02-14,108774,Dog
510068,cambt3,2019-09-17,127199,SAFARI: A PHOTICULAR BOOK
511064,kwet6ylbrrk@deleted,2008-02-28,225795,"Hero by Morey, Walt"
513300,jacobs68,2008-04-14,171049,Kitty Feral and the Case of the Marshmallow Monkey
513546,cambt3,2004-02-22,167762,The Mitten
513561,maryann774,2014-09-20,22592,World of Eric Carle - Animal Tales Sound Storybook Treasury
513800,renae_clair,2012-06-30,259425,Shiloh (The Shiloh Quartet)
514233,renae_clair,2012-10-07,207708,The Poky Little Puppy (A Little Golden Book Classic)
515039,cambt3,2015-02-24,231511,Little Blue Truck's Springtime
515095,kwet6ylbrrk@deleted,2018-11-06,200889,"Bluey: Bob Bilby - Penguin Young Readers Licenses, 0593224590"
515117,kwet6ylbrrk@deleted,2021-05-16,161324,Big Chickens
517023,jacobs68,2021-09-03,144223,The Berenstain Bears and the Christmas Angel (Berenstain Bears/Living)
517195,renae_clair,2023-05-27,81429,"Polar Bear, Polar Bear What Do You Hear? sound book"
518221,cambt3,2022-01-31,392077,Animal Farm
518500,jacobs68,2017-03-06,85818,The One and Only Bob
518730,maryann774,2018-09-08,154266,Boxcar Children Books Gertrude Warner Mystery Chapter **Build Your Own Lot**
519953,jacobs68,2023-08-06,153321,The One and Only Ruby by Katherine Applegate
521264,cambt3,2023-12-12,108031,The Berenstain Bears and Too Much Vacation- 9780394830148
522365,kwet6ylbrrk@deleted,2010-04-26,201336,"Macca the Alpaca by Cosgrove, Matt"
525551,kwet6ylbrrk@deleted,2005-03-10,149811,The Berenstain Bears in the Dark (First Time Books)
525603,renae_clair,2023-11-04,71248,Pete the Cat and His Four Groovy Buttons
526600,cambt3,2007-07-27,203562,"Animals at War (Usborne Young Reading: Series Three) by Isabel George, Rob Lloyd"
526670,cambt3,2010-03-09,339676,Wild Predators (Wild Kratts) (Step into Reading)
526742,renae_clair,2022-01-23,204527,"Fishing for Catfish: The Complete Guide for Catching Big Channels, Blues"
526909,kwet6ylbrrk@deleted,2004-01-21,37375,Mothering Heights + 9 Dog Man books by Dav Pilkey
528579,maryann774,2021-09-18,361660,If Animals Kissed Good Night
529640,jacobs68,2023-09-27,241277,Mammal (Eyewitness Books)
530003,kwet6ylbrrk@deleted,2015-10-17,6174,NEW LISTINGMiss Bindergarten Gets Ready for Kinderg
530206,renae_clair,2009-01-17,368789,The Secret Zoo: Secrets and Shadows
530632,maryann774,2020-11-03,177302,"NEW LISTINGLogolounge Master Library, Volume 2: 3000 Animal and Mythology Logos"
531050,kwet6ylbrrk@deleted,2016-03-22,156127,All I Know About Animal Behavior I Learned in Loehmann's Dressing Room
531127,kwet6ylbrrk@deleted,2021-08-15,284886,NEW & SEALED 6 Books There Was An Old Lady Who Swallowed a Fly Frog Bat Colandro
532497,cambt3,2023-03-17,301142,The Berenstain Bears' New Baby
534938,kwet6ylbrrk@deleted,2019-10-01,264842,Ice Dogs
535296,cambt3,2023-11-10,99093,My Big Animal Book
535709,kwet6ylbrrk@deleted,2015-10-05,135976,Lot Of 5 Finger Puppet Board Books Lot Random
535818,renae_clair,2023-01-08,307434,DK Eyewitness Books: Horse
536759,maryann774,2019-11-23,176904,Your Baby's First Word Will Be DADA
537373,jacobs68,2018-01-08,74888,The Mitten
537881,kwet6ylbrrk@deleted,2023-02-19,204227,"The Hummingbird Book: The Complete Guide to Attracting, Identifying, and"
539145,kwet6ylbrrk@deleted,2021-07-04,109586,The Story of Ferdinand
539307,kwet6ylbrrk@deleted,2023-08-03,96702,Tabbed Board Books: My First Animals: Let's Squeak and Squawk! (Tab Board)
539743,cambt3,2019-01-15,101732,World of Reading: Mother Bruce Bruce's Big Fun Day: Level 1
540919,jacobs68,2005-05-03,245670,"Hello, Crabby!: An Acorn Book (A Crabby Book #1)"
542649,kwet6ylbrrk@deleted,2021-05-26,278246,Kira's Animal Rescue (Girl of the Year)
542694,cambt3,2022-11-08,261957,Patrol Pals (Paw Patrol) (Friendship Box)
546137,jacobs68,2022-01-19,29296,"Rumor Has It; An Animal Magnetism Novel - Jill Shalvis, 9780425255827"
547189,maryann774,2013-03-28,31870,"Does a Kangaroo Have a Mother, Too?"
547606,maryann774,2019-04-03,48757,Carl's Masquerade
548854,maryann774,2021-07-16,134986,Baby Touch and Feel: Baby Dinosaur (Baby Touch & Feel)
549281,kwet6ylbrrk@deleted,2011-04-08,272625,Bear Wants More
550236,cambt3,2022-01-02,133800,The Cat Who Wasn't There
550687,cambt3,2022-07-06,214412,Janey Crane (Let's Read Together)
552523,maryann774,2021-01-05,387299,The Miraculous Journey of Edward Tulane by Kate Dicamillo
553124,renae_clair,2023-02-09,154760,The Umbrella
554938,renae_clair,2017-12-12,363808,"An Elephant & Piggie Biggie! by Willems, Mo"
554960,kwet6ylbrrk@deleted,2017-03-30,287878,Corduroy's Christmas - School & Library Binding
555238,maryann774,2019-03-31,339792,"Jack Hanna's Big Book of Why: Amazing Animal Facts and Photos by Hanna, Jack"
555250,maryann774,2014-08-21,128165,Marley & Me: Life and Love with the World's Worst Dog
557631,renae_clair,2017-10-28,176696,Literature Classics Build Your Own Lot You Choose The Books For Decor/Library
558153,jacobs68,2019-02-08,115839,Pete the Kitty and the Unicorn's Missing Colors (My First I Can Read)
558500,kwet6ylbrrk@deleted,2016-02-12,329380,A Horse for Kate (Horses and Friends)
559674,kwet6ylbrrk@deleted,2019-07-11,392198,National Geographic Readers: Adorable Animals (Level 2) [PREMIUM LEATHER BOUND]
561413,maryann774,2013-09-06,39186,Birds (National Audubon Society First Field Guides)
563104,kwet6ylbrrk@deleted,2023-04-26,237688,How to Draw Zoo Animals: Step-by-step instructions for 20 wild creatures .. NEW
563462,jacobs68,2023-01-29,403129,The Babies and Doggies Book
563558,kwet6ylbrrk@deleted,2008-11-19,243369,"Big Egg (Step-Into-Reading, Step 1)"
563938,kwet6ylbrrk@deleted,2013-06-07,383499,The Perfect Horse: The Daring U.S. Mission to Rescue the Priceless Stalli
564376,cambt3,2019-03-27,84773,Animales Nocturnos (Night Animals) (Spanish Edition) by Gianna Marino
565393,jacobs68,2008-05-12,201901,Halloween Heroes! (Paw Patrol)
567327,maryann774,2019-06-10,136693,Spot's Peekaboo
568400,cambt3,2022-08-12,241651,Three Little Kittens (Folk Tale Classics)
568684,jacobs68,2010-08-11,165100,Don't Let The Pigeon Drive The Bus! - 9780439686174
569005,kwet6ylbrrk@deleted,2008-08-11,31190,Adult Coloring Book: Stress Relieving Animal Designs
569517,kwet6ylbrrk@deleted,2020-08-22,162799,"Millions of Cats by Gág, Wanda"
569610,jacobs68,2022-12-27,45937,Pete the Cat: Out of This World
569981,renae_clair,2016-03-02,236977,Dog Man: Brawl of the Wild: A Graphic Novel (Dog Man #6): From the Creator of
572139,kwet6ylbrrk@deleted,2022-11-12,13988,Wild Robot Protects
572889,maryann774,2017-01-08,99951,Squirreled Away (The Dead Sea Squirrels)
573981,maryann774,2021-11-11,74348,The Wonderful World of Elephant and Piggie 10 Bks Box Set by Mo Willems - 4+ -PB
576340,kwet6ylbrrk@deleted,2022-05-04,317839,No Roses for Harry!
576381,jacobs68,2022-08-09,241558,Last Week Tonight with John Oliver Presents: A Day in the Life of Marlon Bundo
578284,renae_clair,2020-12-31,118130,"Click, Clack, Ho! Ho! Ho! (A Click, Clack Book)"
578957,kwet6ylbrrk@deleted,2021-06-07,143300,Pete the Cat: Secret Agent
579232,renae_clair,2022-01-28,316495,Arthur Decks the Hall (Nifty Lift-and-Look)
579263,maryann774,2013-04-24,327221,Whisker Haven Tales with the Palace Pets:: Sticker Storybook
579596,kwet6ylbrrk@deleted,2016-12-16,279134,Paw Patrol Phonics Box Set
580813,renae_clair,2016-01-05,377143,Pete the Cat Checks Out the Library
580962,cambt3,2013-03-04,54275,"NEW LISTINGDogs & Puppies: Learn to Draw and Color 25 Favorite Dog Breeds, Step by Easy"
581683,kwet6ylbrrk@deleted,2017-02-02,376862,"Eona by Goodman, Alison"
581776,maryann774,2021-12-10,323838,Animal Farm
582026,kwet6ylbrrk@deleted,2023-05-10,115662,What If You Had An Animal Tail? - 1338208780
584938,jacobs68,2023-06-21,97718,Noisy Animals [My First]
585557,cambt3,2023-03-09,395250,Dr. Seuss's Horse Museum
585612,kwet6ylbrrk@deleted,2020-08-22,49469,Pets Are for Keeps (Animal Inn)
586696,kwet6ylbrrk@deleted,2018-03-14,162772,Coloring Books for Kids Toddlers Super Cute Animals Coloring
586884,cambt3,2015-11-08,134807,"Gobble, Growl, Grunt"
586971,maryann774,2023-06-12,190966,Animal-Speak: The Spiritual & Magical Powers of Creatures Great & Small
587412,maryann774,2003-04-21,351555,Peter Rabbit Large Shaped Board Book
587926,jacobs68,2021-08-16,293184,The Cricket in Times Square (Chester Cricket and His Friends)
590529,cambt3,2017-03-18,314955,Flora and Ulysses: The Illuminated Adventures
590698,cambt3,2020-06-08,244865,"Easy Coloring Books for Senior: Flowers and Animals Coloring Book Easy, Fun"
590733,maryann774,2011-07-26,257116,"Go, Stitch, Go! (Step-Into-Reading, Step 2)"
591703,maryann774,2023-12-08,393096,Toot & Puddle
591950,kwet6ylbrrk@deleted,2019-12-02,51107,The Big Book of Berenstain Bears Beginner Books
592802,kwet6ylbrrk@deleted,2008-04-08,29819,Llama Llama Holiday Drama
592887,cambt3,2023-02-17,161448,Purrmaids 6: Quest for Clean Water
593430,kwet6ylbrrk@deleted,2019-09-16,277943,CHRISTMAS IN THE MANGER
594014,maryann774,2004-11-04,16125,If You Give a Dog a Donut
594170,renae_clair,2016-05-23,188805,The New Yorker Book of All-New Cat Cartoons (New Yorker Series)
594415,cambt3,2019-10-23,47349,"Bad Dog, Marley!"
595293,jacobs68,2018-08-18,256011,Llama Llama Misses Mama
595563,jacobs68,2019-06-27,388002,I Love You to the Moon and Back by Amelia Hepworth (English) Board Books Book
595846,kwet6ylbrrk@deleted,2023-03-11,97604,Just a Mess (Little Critter) (Look-Look)
597588,maryann774,2010-01-13,129524,Stellaluna
599213,maryann774,2018-11-08,287952,Busy Doggies!: A Busy Animals Book (A Busy Book)
599488,kwet6ylbrrk@deleted,2022-04-06,275507,"Share Some Kindness, Bring Some Light"
599945,cambt3,2013-02-08,109676,Splat the Cat: I Scream for Ice Cream (I Can Read Level 1)
600021,kwet6ylbrrk@deleted,2009-08-06,18382,"Draw 50 Animals: The Step-by-Step Way to Draw Elephants, Tigers, Dog"
601428,jacobs68,2018-02-11,328833,Little Puppy: Finger Puppet Book (Little Finger Puppet Board Books)
601512,cambt3,2017-08-17,272327,I'm a Narwhal (Little Golden Book)
602415,jacobs68,2022-02-23,55617,"Go, Dog. Go!: P.D. Eastman's Book of Things That Go"
602867,renae_clair,2020-01-01,399287,"Draw 50 Animals: The Step-by-Step Way to Draw Elephants, Tigers, Dogs, Fi"
604357,jacobs68,2019-05-25,106766,Scaredy Squirrel Prepares for Christmas: A Safety Guide for Scaredies
604883,maryann774,2018-10-06,170925,How Animals Care for Their Babies (Books for Young Explorers)
